{"nodes":null,"selection":null,"view":{"scroll":{"x":2046.595703125,"y":2423.831298828125},"visible_rect":{"max":{"x":276038.6875,"y":270554.6875},"min":{"x":184705.546875,"y":218751.109375}},"zoom":0.0110803153365850449}}