{"nodes":null,"selection":null,"view":{"scroll":{"x":-514.27508544921875,"y":-1.23083603382110596},"visible_rect":{"max":{"x":41159.12890625,"y":220.148544311523438},"min":{"x":-40884.87109375,"y":-97.8514633178710938}},"zoom":0.0125786159187555313}}